-- MySQL dump 10.13  Distrib 5.6.21, for Win64 (x86_64)
--
-- Host: localhost    Database: school
-- ------------------------------------------------------
-- Server version	5.6.21

/*!40101 SET @OLD_CHARACTER_SET_CLIENT=@@CHARACTER_SET_CLIENT */;
/*!40101 SET @OLD_CHARACTER_SET_RESULTS=@@CHARACTER_SET_RESULTS */;
/*!40101 SET @OLD_COLLATION_CONNECTION=@@COLLATION_CONNECTION */;
/*!40101 SET NAMES utf8 */;
/*!40103 SET @OLD_TIME_ZONE=@@TIME_ZONE */;
/*!40103 SET TIME_ZONE='+00:00' */;
/*!40014 SET @OLD_UNIQUE_CHECKS=@@UNIQUE_CHECKS, UNIQUE_CHECKS=0 */;
/*!40014 SET @OLD_FOREIGN_KEY_CHECKS=@@FOREIGN_KEY_CHECKS, FOREIGN_KEY_CHECKS=0 */;
/*!40101 SET @OLD_SQL_MODE=@@SQL_MODE, SQL_MODE='NO_AUTO_VALUE_ON_ZERO' */;
/*!40111 SET @OLD_SQL_NOTES=@@SQL_NOTES, SQL_NOTES=0 */;

--
-- Table structure for table `class`
--

DROP TABLE IF EXISTS `class`;
/*!40101 SET @saved_cs_client     = @@character_set_client */;
/*!40101 SET character_set_client = utf8 */;
CREATE TABLE `class` (
  `cid` int(11) NOT NULL AUTO_INCREMENT COMMENT '班级编号',
  `caption` varchar(255) NOT NULL COMMENT '班级名称',
  `grade_id` int(11) NOT NULL COMMENT '年级编号',
  PRIMARY KEY (`cid`),
  KEY `g_id` (`grade_id`),
  CONSTRAINT `g_id` FOREIGN KEY (`grade_id`) REFERENCES `class_grade` (`gid`) ON DELETE CASCADE ON UPDATE CASCADE
) ENGINE=InnoDB AUTO_INCREMENT=39 DEFAULT CHARSET=utf8;
/*!40101 SET character_set_client = @saved_cs_client */;

--
-- Dumping data for table `class`
--

LOCK TABLES `class` WRITE;
/*!40000 ALTER TABLE `class` DISABLE KEYS */;
INSERT INTO `class` VALUES (1,'一年一班',1),(2,'二年一班',2),(3,'三年一班',3),(4,'四年一班',4),(5,'五年一班',5),(6,'六年一班',6),(7,'一年二班',1),(8,'一年三班',1),(9,'一年四班',1),(10,'一年五班',1),(11,'一年六班',1),(12,'一年七班',1),(13,'二年二班',2),(14,'二年三班',2),(15,'二年四班',2),(16,'二年五班',2),(17,'二年六班',2),(18,'三年二班',3),(19,'三年三班',3),(20,'三年四班',3),(21,'三年五班',3),(22,'四年二班',4),(23,'四年三班',4),(24,'四年四班',4),(25,'五年二班',5),(26,'五年三班',5),(27,'五年四班',5),(28,'五年五班',5),(29,'五年六班',5),(30,'五年七班',5),(31,'六年二班',6),(32,'六年三班',6),(33,'六年四班',6),(34,'六年五班',6),(35,'六年六班',6),(36,'六年七班',6),(37,'六年八班',6),(38,'六年九班',6);
/*!40000 ALTER TABLE `class` ENABLE KEYS */;
UNLOCK TABLES;

--
-- Table structure for table `class_grade`
--

DROP TABLE IF EXISTS `class_grade`;
/*!40101 SET @saved_cs_client     = @@character_set_client */;
/*!40101 SET character_set_client = utf8 */;
CREATE TABLE `class_grade` (
  `gid` int(11) NOT NULL AUTO_INCREMENT COMMENT '年级编号',
  `gname` varchar(255) NOT NULL COMMENT '年级名称',
  PRIMARY KEY (`gid`)
) ENGINE=InnoDB AUTO_INCREMENT=7 DEFAULT CHARSET=utf8;
/*!40101 SET character_set_client = @saved_cs_client */;

--
-- Dumping data for table `class_grade`
--

LOCK TABLES `class_grade` WRITE;
/*!40000 ALTER TABLE `class_grade` DISABLE KEYS */;
INSERT INTO `class_grade` VALUES (1,'一年级'),(2,'二年级'),(3,'三年级'),(4,'四年级'),(5,'五年级'),(6,'六年级');
/*!40000 ALTER TABLE `class_grade` ENABLE KEYS */;
UNLOCK TABLES;

--
-- Table structure for table `course`
--

DROP TABLE IF EXISTS `course`;
/*!40101 SET @saved_cs_client     = @@character_set_client */;
/*!40101 SET character_set_client = utf8 */;
CREATE TABLE `course` (
  `cid` int(11) NOT NULL AUTO_INCREMENT,
  `cname` varchar(255) NOT NULL,
  `teacher_id` int(11) NOT NULL,
  PRIMARY KEY (`cid`),
  KEY `teacher_id` (`teacher_id`),
  CONSTRAINT `teacher_id` FOREIGN KEY (`teacher_id`) REFERENCES `teacher` (`tid`) ON DELETE CASCADE ON UPDATE CASCADE
) ENGINE=InnoDB AUTO_INCREMENT=9 DEFAULT CHARSET=utf8;
/*!40101 SET character_set_client = @saved_cs_client */;

--
-- Dumping data for table `course`
--

LOCK TABLES `course` WRITE;
/*!40000 ALTER TABLE `course` DISABLE KEYS */;
INSERT INTO `course` VALUES (1,'语文',1),(2,'数学',2),(3,'英语',3),(4,'生物',4),(5,'物理',5),(6,'化学',6),(7,'政治',7),(8,'体育',8);
/*!40000 ALTER TABLE `course` ENABLE KEYS */;
UNLOCK TABLES;

--
-- Table structure for table `score`
--

DROP TABLE IF EXISTS `score`;
/*!40101 SET @saved_cs_client     = @@character_set_client */;
/*!40101 SET character_set_client = utf8 */;
CREATE TABLE `score` (
  `sid` int(11) NOT NULL AUTO_INCREMENT,
  `student_id` int(11) NOT NULL,
  `course_id` int(11) NOT NULL,
  `score` int(11) NOT NULL,
  PRIMARY KEY (`sid`),
  KEY `course_id` (`course_id`),
  KEY `student_id` (`student_id`),
  CONSTRAINT `course_id` FOREIGN KEY (`course_id`) REFERENCES `course` (`cid`) ON DELETE CASCADE ON UPDATE CASCADE,
  CONSTRAINT `student_id` FOREIGN KEY (`student_id`) REFERENCES `student` (`sid`) ON DELETE CASCADE ON UPDATE CASCADE
) ENGINE=InnoDB AUTO_INCREMENT=1902 DEFAULT CHARSET=utf8;
/*!40101 SET character_set_client = @saved_cs_client */;

--
-- Dumping data for table `score`
--

LOCK TABLES `score` WRITE;
/*!40000 ALTER TABLE `score` DISABLE KEYS */;
INSERT INTO `score` VALUES (1,1,1,60),(2,2,1,80),(3,3,1,89),(4,4,1,40),(5,5,1,80),(6,6,1,21),(7,7,1,81),(8,8,1,98),(9,9,1,90),(10,10,1,100),(11,11,1,98),(12,12,1,97),(13,13,1,95),(14,14,1,99),(15,15,1,72),(16,16,1,80),(17,17,1,40),(18,18,1,76),(19,19,1,80),(20,20,1,81),(21,21,1,30),(22,22,1,65),(23,23,1,80),(24,24,1,67),(25,25,1,81),(26,26,1,38),(27,27,1,78),(28,28,1,28),(29,29,1,98),(30,30,1,95),(31,31,1,81),(32,32,1,59),(33,33,1,78),(34,34,1,68),(35,35,1,79),(36,36,1,83),(37,37,1,60),(38,38,1,80),(39,39,1,89),(40,40,1,40),(41,41,1,80),(42,42,1,21),(43,43,1,81),(44,44,1,98),(45,45,1,90),(46,46,1,100),(47,47,1,98),(48,48,1,97),(49,49,1,95),(50,50,1,99),(51,51,1,72),(52,52,1,80),(53,53,1,40),(54,54,1,76),(55,55,1,80),(56,56,1,81),(57,57,1,30),(58,58,1,65),(59,59,1,80),(60,60,1,67),(61,61,1,81),(62,62,1,38),(63,63,1,78),(64,64,1,28),(65,65,1,98),(66,66,1,95),(67,67,1,81),(68,68,1,59),(69,69,1,78),(70,70,1,60),(71,71,1,80),(72,72,1,89),(73,73,1,40),(74,74,1,80),(75,75,1,21),(76,76,1,81),(77,77,1,98),(78,78,1,90),(79,79,1,100),(80,80,1,98),(81,81,1,97),(82,82,1,95),(83,83,1,99),(84,84,1,72),(85,85,1,80),(86,86,1,40),(87,87,1,76),(88,88,1,80),(89,89,1,81),(90,90,1,30),(91,91,1,65),(92,92,1,80),(93,93,1,67),(94,94,1,81),(95,95,1,38),(96,96,1,78),(97,97,1,28),(98,98,1,98),(99,99,1,60),(100,100,1,80),(101,101,1,89),(102,102,1,40),(103,103,1,80),(104,104,1,21),(105,105,1,81),(106,106,1,98),(107,107,1,90),(108,108,1,100),(109,109,1,98),(110,110,1,97),(111,111,1,95),(112,112,1,99),(113,113,1,72),(114,114,1,80),(115,115,1,40),(116,116,1,76),(117,117,1,80),(118,118,1,81),(119,119,1,30),(120,120,1,65),(121,121,1,80),(122,122,1,67),(123,123,1,81),(124,124,1,38),(125,125,1,78),(126,126,1,28),(127,127,1,98),(128,128,1,95),(129,129,1,81),(130,130,1,59),(131,131,1,60),(132,132,1,80),(133,133,1,89),(134,134,1,40),(135,135,1,80),(136,136,1,21),(137,137,1,81),(138,138,1,98),(139,139,1,90),(140,140,1,100),(141,141,1,98),(142,142,1,97),(143,143,1,95),(144,144,1,99),(145,145,1,72),(146,146,1,80),(147,147,1,40),(148,148,1,76),(149,149,1,80),(150,150,1,81),(151,151,1,30),(152,152,1,65),(153,153,1,80),(154,154,1,67),(155,155,1,81),(156,156,1,38),(157,157,1,78),(158,158,1,28),(159,159,1,98),(160,160,1,95),(161,161,1,81),(162,162,1,59),(163,163,1,78),(164,164,1,68),(165,165,1,79),(166,166,1,40),(167,167,1,80),(168,168,1,21),(169,169,1,81),(170,170,1,98),(171,171,1,90),(172,172,1,100),(173,173,1,98),(174,174,1,97),(175,175,1,95),(176,176,1,99),(177,177,1,72),(178,178,1,80),(179,179,1,40),(180,180,1,76),(181,181,1,80),(182,182,1,81),(183,183,1,30),(184,184,1,65),(185,185,1,80),(186,186,1,67),(187,187,1,81),(188,188,1,38),(189,189,1,78),(190,190,1,28),(191,191,1,98),(192,192,1,95),(193,193,1,81),(194,194,1,59),(195,195,1,78),(196,196,1,68),(197,197,1,79),(198,198,1,83),(199,199,1,60),(200,200,1,80),(201,201,1,89),(202,202,1,40),(203,203,1,80),(204,204,1,21),(205,205,1,81),(206,206,1,98),(207,207,1,90),(208,208,1,100),(209,209,1,98),(210,210,1,97),(211,211,1,95),(212,212,1,99),(213,213,1,72),(214,214,1,80),(215,215,1,40),(216,216,1,76),(217,217,1,80),(218,218,1,81),(219,219,1,30),(220,220,1,65),(221,221,1,80),(222,222,1,67),(223,223,1,81),(224,224,1,38),(225,225,1,78),(226,226,1,28),(227,227,1,98),(228,228,1,95),(229,229,1,81),(230,230,1,59),(231,231,1,78),(232,232,1,60),(233,233,1,80),(234,234,1,89),(235,235,1,40),(236,236,1,80),(237,237,1,21),(238,238,1,81),(239,239,1,98),(240,240,1,90),(241,241,1,100),(242,242,1,98),(243,243,1,97),(244,244,1,95),(245,245,1,99),(246,246,1,72),(247,247,1,80),(248,248,1,40),(249,249,1,76),(250,250,1,80),(251,251,1,81),(252,252,1,30),(253,253,1,65),(254,254,1,80),(255,255,1,67),(256,256,1,81),(257,257,1,38),(258,258,1,78),(259,259,1,28),(260,260,1,98),(261,261,1,60),(262,262,1,80),(263,263,1,89),(264,264,1,40),(265,265,1,80),(266,266,1,21),(267,267,1,81),(268,268,1,98),(269,269,1,90),(270,270,1,100),(271,271,1,98),(272,272,1,97),(273,273,1,95),(274,274,1,99),(275,275,1,72),(276,276,1,80),(277,277,1,40),(278,278,1,76),(279,279,1,80),(280,280,1,81),(281,281,1,30),(282,282,1,65),(283,283,1,80),(284,284,1,67),(285,285,1,81),(286,286,1,38),(287,287,1,78),(288,288,1,28),(289,289,1,98),(290,290,1,95),(291,291,1,81),(292,292,1,59),(293,293,1,60),(294,294,1,80),(295,295,1,89),(296,296,1,40),(297,297,1,80),(298,298,1,21),(299,299,1,81),(300,300,1,98),(301,301,1,90),(302,302,1,100),(303,303,1,98),(304,304,1,97),(305,305,1,95),(306,306,1,99),(307,307,1,72),(308,308,1,80),(309,309,1,40),(310,310,1,76),(311,311,1,80),(312,312,1,81),(313,313,1,30),(314,314,1,65),(315,315,1,80),(316,316,1,67),(317,317,1,81),(318,318,1,38),(319,319,1,78),(320,320,1,28),(321,321,1,98),(322,322,1,95),(323,323,1,81),(324,324,1,59),(325,325,1,40),(326,326,1,80),(327,327,1,21),(328,328,1,81),(329,329,1,98),(330,330,1,90),(331,331,1,100),(332,332,1,98),(333,333,1,97),(334,334,1,95),(335,335,1,99),(336,336,1,72),(337,337,1,80),(338,338,1,40),(339,339,1,76),(340,340,1,80),(341,341,1,81),(342,342,1,30),(343,343,1,65),(344,344,1,80),(345,345,1,67),(346,346,1,81),(347,347,1,38),(348,348,1,78),(349,349,1,28),(350,350,1,98),(351,351,1,95),(352,352,1,81),(353,353,1,59),(354,354,1,78),(355,355,1,68),(356,356,1,79),(357,357,1,83),(358,358,1,60),(359,359,1,80),(360,360,1,89),(361,361,1,40),(362,362,1,80),(363,363,1,21),(364,364,1,81),(365,365,1,98),(366,1,2,90),(367,2,2,100),(368,3,2,98),(369,4,2,97),(370,5,2,95),(371,6,2,99),(372,7,2,72),(373,8,2,80),(374,9,2,40),(375,10,2,76),(376,11,2,80),(377,12,2,81),(378,13,2,30),(379,14,2,65),(380,15,2,80),(381,16,2,67),(382,17,2,81),(383,18,2,38),(384,19,2,78),(385,20,2,28),(386,21,2,98),(387,22,2,95),(388,23,2,81),(389,24,2,59),(390,25,2,78),(391,26,2,60),(392,27,2,80),(393,28,2,89),(394,29,2,40),(395,30,2,80),(396,31,2,21),(397,32,2,81),(398,33,2,98),(399,34,2,90),(400,35,2,100),(401,36,2,98),(402,37,2,97),(403,38,2,95),(404,39,2,99),(405,40,2,72),(406,41,2,80),(407,42,2,40),(408,43,2,76),(409,44,2,80),(410,45,2,81),(411,46,2,30),(412,47,2,65),(413,48,2,80),(414,49,2,67),(415,50,2,81),(416,51,2,38),(417,52,2,78),(418,53,2,28),(419,54,2,98),(420,55,2,60),(421,56,2,80),(422,57,2,89),(423,58,2,40),(424,59,2,80),(425,60,2,21),(426,61,2,81),(427,62,2,98),(428,63,2,90),(429,64,2,100),(430,65,2,98),(431,66,2,97),(432,67,2,95),(433,68,2,99),(434,69,2,72),(435,70,2,80),(436,71,2,40),(437,72,2,76),(438,73,2,80),(439,74,2,81),(440,75,2,30),(441,76,2,65),(442,77,2,80),(443,78,2,67),(444,79,2,81),(445,80,2,38),(446,81,2,78),(447,82,2,28),(448,83,2,98),(449,84,2,95),(450,85,2,81),(451,86,2,59),(452,87,2,60),(453,88,2,80),(454,89,2,89),(455,90,2,40),(456,91,2,80),(457,92,2,21),(458,93,2,81),(459,94,2,98),(460,95,2,90),(461,96,2,100),(462,97,2,98),(463,98,2,97),(464,99,2,95),(465,100,2,99),(466,101,2,72),(467,102,2,80),(468,103,2,40),(469,104,2,76),(470,105,2,80),(471,106,2,81),(472,107,2,30),(473,108,2,65),(474,109,2,80),(475,110,2,67),(476,111,2,81),(477,112,2,38),(478,113,2,78),(479,114,2,28),(480,115,2,98),(481,116,2,95),(482,117,2,81),(483,118,2,59),(484,119,2,78),(485,120,2,68),(486,121,2,80),(487,122,2,67),(488,123,2,81),(489,124,2,38),(490,125,2,78),(491,126,2,28),(492,127,2,98),(493,128,2,95),(494,129,2,81),(495,130,2,59),(496,131,2,40),(497,132,2,80),(498,133,2,21),(499,134,2,81),(500,135,2,98),(501,136,2,90),(502,137,2,100),(503,138,2,98),(504,139,2,97),(505,140,2,95),(506,141,2,99),(507,142,2,72),(508,143,2,80),(509,144,2,40),(510,145,2,76),(511,146,2,80),(512,147,2,81),(513,148,2,30),(514,149,2,65),(515,150,2,80),(516,151,2,67),(517,152,2,81),(518,153,2,38),(519,154,2,78),(520,155,2,28),(521,156,2,98),(522,157,2,95),(523,158,2,81),(524,159,2,59),(525,160,2,78),(526,161,2,68),(527,162,2,79),(528,163,2,83),(529,164,2,60),(530,165,2,80),(531,166,2,89),(532,167,2,40),(533,168,2,80),(534,169,2,21),(535,170,2,81),(536,171,2,98),(537,172,2,90),(538,173,2,100),(539,174,2,98),(540,175,2,97),(541,176,2,95),(542,177,2,99),(543,178,2,72),(544,179,2,80),(545,180,2,40),(546,181,2,76),(547,182,2,80),(548,183,2,81),(549,184,2,30),(550,185,2,80),(551,186,2,67),(552,187,2,81),(553,188,2,38),(554,189,2,78),(555,190,2,28),(556,191,2,98),(557,192,2,95),(558,193,2,81),(559,194,2,59),(560,195,2,40),(561,196,2,80),(562,197,2,21),(563,198,2,81),(564,199,2,98),(565,200,2,90),(566,201,2,100),(567,202,2,98),(568,203,2,97),(569,204,2,95),(570,205,2,99),(571,206,2,72),(572,207,2,80),(573,208,2,40),(574,209,2,76),(575,210,2,80),(576,211,2,81),(577,212,2,30),(578,213,2,65),(579,214,2,80),(580,215,2,67),(581,216,2,81),(582,217,2,38),(583,218,2,78),(584,219,2,28),(585,220,2,98),(586,221,2,95),(587,222,2,81),(588,223,2,59),(589,224,2,78),(590,225,2,68),(591,226,2,79),(592,227,2,83),(593,228,2,60),(594,229,2,80),(595,230,2,89),(596,231,2,40),(597,232,2,80),(598,233,2,21),(599,234,2,81),(600,235,2,98),(601,236,2,90),(602,237,2,100),(603,238,2,98),(604,239,2,97),(605,240,2,95),(606,241,2,99),(607,242,2,72),(608,243,2,80),(609,244,2,40),(610,245,2,76),(611,246,2,80),(612,247,2,81),(613,248,2,30),(614,249,2,65),(615,250,2,80),(616,251,2,67),(617,252,2,81),(618,253,2,38),(619,254,2,78),(620,255,2,28),(621,256,2,98),(622,257,2,95),(623,258,2,81),(624,259,2,59),(625,260,2,40),(626,261,2,80),(627,262,2,21),(628,263,2,81),(629,264,2,98),(630,265,2,90),(631,266,2,100),(632,267,2,98),(633,268,2,97),(634,269,2,95),(635,270,2,99),(636,271,2,72),(637,272,2,80),(638,273,2,40),(639,274,2,76),(640,275,2,80),(641,276,2,81),(642,277,2,30),(643,278,2,65),(644,279,2,80),(645,280,2,67),(646,281,2,81),(647,282,2,38),(648,283,2,78),(649,284,2,28),(650,285,2,98),(651,286,2,95),(652,287,2,81),(653,288,2,59),(654,289,2,78),(655,290,2,68),(656,291,2,79),(657,292,2,83),(658,293,2,60),(659,294,2,80),(660,295,2,89),(661,296,2,40),(662,297,2,80),(663,298,2,21),(664,299,2,81),(665,300,2,98),(666,301,2,90),(667,302,2,100),(668,303,2,98),(669,304,2,97),(670,305,2,80),(671,306,2,67),(672,307,2,81),(673,308,2,38),(674,309,2,78),(675,310,2,28),(676,311,2,98),(677,312,2,95),(678,313,2,81),(679,314,2,59),(680,315,2,40),(681,316,2,80),(682,317,2,21),(683,318,2,81),(684,319,2,98),(685,320,2,90),(686,321,2,100),(687,322,2,98),(688,323,2,97),(689,324,2,95),(690,325,2,99),(691,326,2,72),(692,327,2,80),(693,328,2,40),(694,329,2,76),(695,330,2,80),(696,331,2,81),(697,332,2,30),(698,333,2,65),(699,334,2,80),(700,335,2,67),(701,336,2,81),(702,337,2,38),(703,338,2,78),(704,339,2,28),(705,340,2,98),(706,341,2,95),(707,342,2,81),(708,343,2,59),(709,344,2,78),(710,345,2,68),(711,346,2,79),(712,347,2,83),(713,348,2,60),(714,349,2,80),(715,350,2,89),(716,351,2,40),(717,352,2,80),(718,353,2,21),(719,354,2,81),(720,355,2,98),(721,356,2,90),(722,357,2,100),(723,358,2,98),(724,359,2,97),(725,360,2,80),(726,361,2,67),(727,362,2,81),(728,363,2,38),(729,364,2,78),(730,365,2,28),(731,1,3,98),(732,2,3,95),(733,3,3,81),(734,4,3,59),(735,5,3,40),(736,6,3,80),(737,7,3,21),(738,8,3,81),(739,9,3,98),(740,10,3,90),(741,11,3,100),(742,12,3,98),(743,13,3,97),(744,14,3,95),(745,15,3,99),(746,16,3,72),(747,17,3,80),(748,18,3,40),(749,19,3,76),(750,20,3,80),(751,21,3,81),(752,22,3,30),(753,23,3,65),(754,24,3,80),(755,25,3,67),(756,26,3,81),(757,27,3,38),(758,28,3,78),(759,29,3,28),(760,30,3,98),(761,31,3,95),(762,32,3,81),(763,33,3,59),(764,34,3,78),(765,35,3,68),(766,36,3,79),(767,37,3,83),(768,38,3,60),(769,39,3,80),(770,40,3,89),(771,41,3,40),(772,42,3,80),(773,43,3,21),(774,44,3,81),(775,45,3,98),(776,46,3,90),(777,47,3,100),(778,48,3,98),(779,49,3,97),(780,50,3,95),(781,51,3,99),(782,52,3,72),(783,53,3,80),(784,54,3,80),(785,55,3,67),(786,56,3,81),(787,57,3,38),(788,58,3,78),(789,59,3,28),(790,60,3,98),(791,61,3,95),(792,62,3,81),(793,63,3,59),(794,64,3,40),(795,65,3,80),(796,66,3,21),(797,67,3,81),(798,68,3,98),(799,69,3,90),(800,70,3,100),(801,71,3,98),(802,72,3,97),(803,73,3,95),(804,74,3,99),(805,75,3,72),(806,76,3,80),(807,77,3,40),(808,78,3,76),(809,79,3,80),(810,80,3,81),(811,81,3,30),(812,82,3,65),(813,83,3,80),(814,84,3,67),(815,85,3,81),(816,86,3,38),(817,87,3,78),(818,88,3,28),(819,89,3,98),(820,90,3,95),(821,91,3,81),(822,92,3,59),(823,93,3,78),(824,94,3,68),(825,95,3,79),(826,96,3,83),(827,97,3,60),(828,98,3,80),(829,99,3,89),(830,100,3,40),(831,101,3,80),(832,102,3,21),(833,103,3,81),(834,104,3,98),(835,105,3,90),(836,106,3,100),(837,107,3,98),(838,108,3,97),(839,109,3,95),(840,110,3,99),(841,111,3,72),(842,112,3,80),(843,113,3,40),(844,114,3,76),(845,115,3,80),(846,116,3,81),(847,117,3,30),(848,118,3,65),(849,119,3,80),(850,120,3,67),(851,121,3,81),(852,122,3,38),(853,123,3,80),(854,124,3,67),(855,125,3,81),(856,126,3,38),(857,127,3,78),(858,128,3,28),(859,129,3,98),(860,130,3,95),(861,131,3,81),(862,132,3,59),(863,133,3,40),(864,134,3,80),(865,135,3,21),(866,136,3,81),(867,137,3,98),(868,138,3,90),(869,139,3,100),(870,140,3,98),(871,141,3,97),(872,142,3,95),(873,143,3,99),(874,144,3,72),(875,145,3,80),(876,146,3,40),(877,147,3,76),(878,148,3,80),(879,149,3,81),(880,150,3,80),(881,151,3,67),(882,152,3,81),(883,153,3,38),(884,154,3,78),(885,155,3,28),(886,156,3,98),(887,157,3,95),(888,158,3,81),(889,159,3,59),(890,160,3,40),(891,161,3,80),(892,162,3,21),(893,163,3,81),(894,164,3,98),(895,165,3,90),(896,166,3,100),(897,167,3,98),(898,168,3,97),(899,169,3,95),(900,170,3,99),(901,171,3,72),(902,172,3,80),(903,173,3,40),(904,174,3,76),(905,175,3,80),(906,176,3,81),(907,177,3,30),(908,178,3,65),(909,179,3,80),(910,180,3,67),(911,181,3,81),(912,182,3,38),(913,183,3,78),(914,184,3,28),(915,185,3,98),(916,186,3,95),(917,187,3,81),(918,188,3,59),(919,189,3,78),(920,190,3,68),(921,191,3,79),(922,192,3,83),(923,193,3,60),(924,194,3,80),(925,195,3,89),(926,196,3,40),(927,197,3,80),(928,198,3,21),(929,199,3,81),(930,200,3,98),(931,201,3,90),(932,202,3,100),(933,203,3,98),(934,204,3,97),(935,205,3,95),(936,206,3,99),(937,207,3,72),(938,208,3,80),(939,209,3,67),(940,210,3,81),(941,211,3,38),(942,212,3,78),(943,213,3,28),(944,214,3,98),(945,215,3,95),(946,216,3,81),(947,217,3,59),(948,218,3,40),(949,219,3,80),(950,220,3,21),(951,221,3,81),(952,222,3,98),(953,223,3,90),(954,224,3,100),(955,225,3,98),(956,226,3,97),(957,227,3,95),(958,228,3,99),(959,229,3,72),(960,230,3,80),(961,231,3,40),(962,232,3,76),(963,233,3,80),(964,234,3,81),(965,235,3,30),(966,236,3,65),(967,237,3,80),(968,238,3,67),(969,239,3,81),(970,240,3,38),(971,241,3,78),(972,242,3,28),(973,243,3,98),(974,244,3,95),(975,245,3,81),(976,246,3,59),(977,247,3,78),(978,248,3,68),(979,249,3,79),(980,250,3,83),(981,251,3,60),(982,252,3,80),(983,253,3,89),(984,254,3,40),(985,255,3,80),(986,256,3,21),(987,257,3,81),(988,258,3,98),(989,259,3,90),(990,260,3,100),(991,261,3,98),(992,262,3,97),(993,263,3,95),(994,264,3,99),(995,265,3,72),(996,266,3,80),(997,267,3,40),(998,268,3,76),(999,269,3,80),(1000,270,3,81),(1001,271,3,30),(1002,272,3,65),(1003,273,3,80),(1004,274,3,80),(1005,275,3,67),(1006,276,3,81),(1007,277,3,38),(1008,278,3,78),(1009,279,3,28),(1010,280,3,98),(1011,281,3,95),(1012,282,3,81),(1013,283,3,59),(1014,284,3,40),(1015,285,3,80),(1016,286,3,21),(1017,287,3,81),(1018,288,3,98),(1019,289,3,90),(1020,290,3,100),(1021,291,3,98),(1022,292,3,97),(1023,293,3,95),(1024,294,3,99),(1025,295,3,72),(1026,296,3,80),(1027,297,3,40),(1028,298,3,76),(1029,299,3,80),(1030,300,3,81),(1031,301,3,30),(1032,302,3,65),(1033,303,3,80),(1034,304,3,67),(1035,305,3,81),(1036,306,3,38),(1037,307,3,78),(1038,308,3,28),(1039,309,3,98),(1040,310,3,95),(1041,311,3,81),(1042,312,3,59),(1043,313,3,78),(1044,314,3,68),(1045,315,3,79),(1046,316,3,83),(1047,317,3,60),(1048,318,3,80),(1049,319,3,89),(1050,320,3,40),(1051,321,3,80),(1052,322,3,21),(1053,323,3,81),(1054,324,3,98),(1055,325,3,90),(1056,326,3,100),(1057,327,3,98),(1058,328,3,97),(1059,329,3,95),(1060,330,3,99),(1061,331,3,72),(1062,332,3,80),(1063,333,3,40),(1064,334,3,76),(1065,335,3,80),(1066,336,3,81),(1067,337,3,30),(1068,338,3,65),(1069,339,3,80),(1070,340,3,80),(1071,341,3,67),(1072,342,3,81),(1073,343,3,38),(1074,344,3,78),(1075,345,3,28),(1076,346,3,98),(1077,347,3,95),(1078,348,3,81),(1079,349,3,59),(1080,350,3,40),(1081,351,3,80),(1082,352,3,21),(1083,353,3,81),(1084,354,3,98),(1085,355,3,90),(1086,356,3,100),(1087,357,3,98),(1088,358,3,97),(1089,359,3,95),(1090,360,3,99),(1091,361,3,72),(1092,362,3,80),(1093,363,3,40),(1094,364,3,76),(1095,365,3,80),(1096,1,8,81),(1097,2,8,30),(1098,3,8,65),(1099,4,8,80),(1100,5,8,67),(1101,6,8,81),(1102,7,8,38),(1103,8,8,78),(1104,9,8,28),(1105,10,8,98),(1106,11,8,95),(1107,12,8,81),(1108,13,8,59),(1109,14,8,78),(1110,15,8,68),(1111,16,8,79),(1112,17,8,83),(1113,18,8,60),(1114,19,8,80),(1115,20,8,89),(1116,21,8,40),(1117,22,8,80),(1118,23,8,21),(1119,24,8,81),(1120,25,8,98),(1121,26,8,90),(1122,27,8,100),(1123,28,8,98),(1124,29,8,97),(1125,30,8,95),(1126,31,8,99),(1127,32,8,72),(1128,33,8,80),(1129,34,8,40),(1130,35,8,76),(1131,36,8,80),(1132,37,8,81),(1133,38,8,80),(1134,39,8,67),(1135,40,8,81),(1136,41,8,38),(1137,42,8,78),(1138,43,8,28),(1139,44,8,98),(1140,45,8,95),(1141,46,8,81),(1142,47,8,59),(1143,48,8,40),(1144,49,8,80),(1145,50,8,21),(1146,51,8,81),(1147,52,8,98),(1148,53,8,90),(1149,54,8,100),(1150,55,8,98),(1151,56,8,97),(1152,57,8,95),(1153,58,8,99),(1154,59,8,72),(1155,60,8,80),(1156,61,8,40),(1157,62,8,76),(1158,63,8,80),(1159,64,8,81),(1160,65,8,30),(1161,66,8,65),(1162,67,8,80),(1163,68,8,67),(1164,69,8,81),(1165,70,8,38),(1166,71,8,78),(1167,72,8,28),(1168,73,8,98),(1169,74,8,95),(1170,75,8,81),(1171,76,8,59),(1172,77,8,78),(1173,78,8,68),(1174,79,8,79),(1175,80,8,83),(1176,81,8,60),(1177,82,8,80),(1178,83,8,89),(1179,84,8,40),(1180,85,8,80),(1181,86,8,21),(1182,87,8,81),(1183,88,8,98),(1184,89,8,90),(1185,90,8,100),(1186,91,8,98),(1187,92,8,97),(1188,93,8,95),(1189,94,8,99),(1190,95,8,80),(1191,96,8,67),(1192,97,8,81),(1193,98,8,38),(1194,99,8,78),(1195,100,8,28),(1196,101,8,98),(1197,102,8,95),(1198,103,8,81),(1199,104,8,59),(1200,105,8,40),(1201,106,8,80),(1202,107,8,21),(1203,108,8,81),(1204,109,8,98),(1205,110,8,90),(1206,111,8,100),(1207,112,8,98),(1208,113,8,97),(1209,114,8,95),(1210,115,8,99),(1211,116,8,72),(1212,117,8,80),(1213,118,8,40),(1214,119,8,76),(1215,120,8,80),(1216,121,8,81),(1217,122,8,30),(1218,123,8,65),(1219,124,8,80),(1220,125,8,67),(1221,126,8,81),(1222,127,8,38),(1223,128,8,78),(1224,129,8,28),(1225,130,8,98),(1226,131,8,95),(1227,132,8,81),(1228,133,8,59),(1229,134,8,78),(1230,135,8,68),(1231,136,8,79),(1232,137,8,83),(1233,138,8,60),(1234,139,8,80),(1235,140,8,89),(1236,141,8,40),(1237,142,8,80),(1238,143,8,21),(1239,144,8,81),(1240,145,8,98),(1241,146,8,90),(1242,147,8,100),(1243,148,8,98),(1244,149,8,97),(1245,150,8,95),(1246,151,8,99),(1247,152,8,72),(1248,153,8,80),(1249,154,8,40),(1250,155,8,76),(1251,156,8,80),(1252,157,8,81),(1253,158,8,30),(1254,159,8,65),(1255,160,8,80),(1256,161,8,67),(1257,162,8,80),(1258,163,8,67),(1259,164,8,81),(1260,165,8,38),(1261,166,8,78),(1262,167,8,28),(1263,168,8,98),(1264,169,8,95),(1265,170,8,81),(1266,171,8,59),(1267,172,8,40),(1268,173,8,80),(1269,174,8,21),(1270,175,8,81),(1271,176,8,98),(1272,177,8,90),(1273,178,8,100),(1274,179,8,98),(1275,180,8,97),(1276,181,8,95),(1277,182,8,99),(1278,183,8,72),(1279,184,4,80),(1280,185,4,40),(1281,186,4,76),(1282,187,4,80),(1283,188,4,81),(1284,189,4,30),(1285,190,4,65),(1286,191,4,80),(1287,192,4,67),(1288,193,4,81),(1289,194,4,38),(1290,195,4,78),(1291,196,4,28),(1292,197,4,98),(1293,198,4,95),(1294,199,4,81),(1295,200,4,59),(1296,201,4,78),(1297,202,4,68),(1298,203,4,79),(1299,204,4,83),(1300,205,4,60),(1301,206,4,80),(1302,207,4,89),(1303,208,4,40),(1304,209,4,80),(1305,210,4,21),(1306,211,4,81),(1307,212,4,98),(1308,213,4,90),(1309,214,4,100),(1310,215,4,98),(1311,216,4,97),(1312,217,4,95),(1313,218,4,99),(1314,219,4,72),(1315,220,4,80),(1316,221,4,40),(1317,222,4,80),(1318,223,4,67),(1319,224,4,81),(1320,225,4,38),(1321,226,4,78),(1322,227,4,28),(1323,228,4,98),(1324,229,4,95),(1325,230,4,81),(1326,231,4,59),(1327,232,4,40),(1328,233,4,80),(1329,234,4,21),(1330,235,4,81),(1331,236,4,98),(1332,237,4,90),(1333,238,4,100),(1334,239,4,98),(1335,240,4,97),(1336,241,4,95),(1337,242,4,99),(1338,243,4,72),(1339,244,4,80),(1340,245,4,40),(1341,246,4,76),(1342,247,4,80),(1343,248,4,81),(1344,249,4,30),(1345,250,4,65),(1346,251,4,80),(1347,252,4,67),(1348,253,4,81),(1349,254,4,38),(1350,255,4,78),(1351,256,4,28),(1352,257,4,98),(1353,258,4,95),(1354,259,4,81),(1355,260,4,59),(1356,261,4,78),(1357,262,4,68),(1358,263,4,79),(1359,264,4,83),(1360,265,4,60),(1361,266,4,80),(1362,267,4,89),(1363,268,4,40),(1364,269,4,80),(1365,270,4,21),(1366,271,4,81),(1367,272,4,98),(1368,273,4,90),(1369,274,4,100),(1370,275,4,98),(1371,276,4,97),(1372,277,4,95),(1373,278,4,99),(1374,279,4,72),(1375,280,4,80),(1376,281,4,80),(1377,282,4,67),(1378,283,4,81),(1379,284,4,38),(1380,285,4,78),(1381,286,4,28),(1382,287,4,98),(1383,288,4,95),(1384,289,4,81),(1385,290,4,59),(1386,291,4,40),(1387,292,4,80),(1388,293,4,21),(1389,294,4,81),(1390,295,4,98),(1391,296,4,90),(1392,297,4,100),(1393,298,4,98),(1394,299,4,97),(1395,300,4,95),(1396,301,4,99),(1397,302,4,72),(1398,303,4,80),(1399,304,4,40),(1400,305,4,76),(1401,306,4,80),(1402,307,4,81),(1403,308,4,30),(1404,309,4,65),(1405,310,4,80),(1406,311,4,67),(1407,312,4,81),(1408,313,4,38),(1409,314,4,78),(1410,315,4,28),(1411,316,4,98),(1412,317,4,95),(1413,318,4,81),(1414,319,4,59),(1415,320,4,78),(1416,321,4,68),(1417,322,4,79),(1418,323,4,83),(1419,324,4,60),(1420,325,4,80),(1421,326,4,89),(1422,327,4,40),(1423,328,4,80),(1424,329,4,21),(1425,330,4,81),(1426,331,4,98),(1427,332,4,90),(1428,333,4,100),(1429,334,4,98),(1430,335,4,97),(1431,336,4,95),(1432,337,4,99),(1433,338,4,72),(1434,339,4,80),(1435,340,4,40),(1436,341,4,76),(1437,342,4,80),(1438,343,4,81),(1439,344,4,80),(1440,345,4,67),(1441,346,4,81),(1442,347,4,38),(1443,348,4,78),(1444,349,4,28),(1445,350,4,98),(1446,351,4,95),(1447,352,4,81),(1448,353,4,59),(1449,354,4,40),(1450,355,4,80),(1451,356,4,21),(1452,357,4,81),(1453,358,4,98),(1454,359,4,90),(1455,360,4,100),(1456,361,4,98),(1457,362,4,97),(1458,363,4,95),(1459,364,4,99),(1460,365,4,72),(1461,1,5,67),(1462,2,5,81),(1463,3,5,38),(1464,4,5,78),(1465,5,5,28),(1466,6,5,98),(1467,7,5,95),(1468,8,5,81),(1469,9,5,59),(1470,10,5,78),(1471,11,5,68),(1472,12,5,79),(1473,13,5,83),(1474,14,5,60),(1475,15,5,80),(1476,16,5,89),(1477,17,5,40),(1478,18,5,80),(1479,19,5,21),(1480,20,5,81),(1481,21,5,98),(1482,22,5,90),(1483,23,5,100),(1484,24,5,98),(1485,25,5,97),(1486,26,5,95),(1487,27,5,99),(1488,28,5,72),(1489,29,5,80),(1490,30,5,40),(1491,31,5,76),(1492,32,5,80),(1493,33,5,81),(1494,34,5,80),(1495,35,5,67),(1496,36,5,81),(1497,37,5,38),(1498,38,5,78),(1499,39,5,28),(1500,40,5,98),(1501,41,5,95),(1502,42,5,81),(1503,43,5,59),(1504,44,5,40),(1505,45,5,80),(1506,46,5,21),(1507,47,5,81),(1508,48,5,98),(1509,49,5,90),(1510,50,5,100),(1511,51,5,98),(1512,52,5,97),(1513,53,5,95),(1514,54,5,99),(1515,55,5,72),(1516,56,7,81),(1517,57,7,30),(1518,58,7,65),(1519,59,7,80),(1520,60,7,67),(1521,61,7,81),(1522,62,7,38),(1523,63,7,78),(1524,64,7,28),(1525,65,7,98),(1526,66,7,95),(1527,67,7,81),(1528,68,7,59),(1529,69,7,78),(1530,70,7,68),(1531,71,7,79),(1532,72,7,83),(1533,73,7,60),(1534,74,7,80),(1535,75,7,89),(1536,76,7,40),(1537,77,7,80),(1538,78,7,21),(1539,79,7,81),(1540,80,7,98),(1541,81,7,90),(1542,82,7,100),(1543,83,7,98),(1544,84,7,97),(1545,85,7,95),(1546,86,7,99),(1547,87,7,72),(1548,88,7,80),(1549,89,7,40),(1550,90,7,76),(1551,91,7,80),(1552,92,7,81),(1553,93,7,80),(1554,94,7,67),(1555,95,7,81),(1556,96,7,38),(1557,97,7,78),(1558,98,7,28),(1559,99,7,98),(1560,100,7,95),(1561,101,7,98),(1562,102,7,95),(1563,103,7,81),(1564,104,7,59),(1565,105,7,40),(1566,106,7,80),(1567,107,7,21),(1568,108,7,81),(1569,109,7,98),(1570,110,7,90),(1571,111,7,100),(1572,112,7,98),(1573,113,7,97),(1574,114,7,95),(1575,115,7,99),(1576,116,7,72),(1577,117,7,80),(1578,118,7,40),(1579,119,7,76),(1580,120,7,80),(1581,121,7,81),(1582,122,7,30),(1583,123,7,65),(1584,124,7,80),(1585,125,7,67),(1586,126,7,81),(1587,127,7,38),(1588,128,7,78),(1589,129,7,28),(1590,130,7,98),(1591,131,7,95),(1592,132,7,81),(1593,133,7,59),(1594,134,7,78),(1595,135,7,68),(1596,136,7,79),(1597,137,7,83),(1598,138,7,60),(1599,139,7,80),(1600,140,7,89),(1601,141,7,40),(1602,142,7,80),(1603,143,7,21),(1604,144,7,81),(1605,145,7,98),(1606,146,7,90),(1607,147,7,100),(1608,148,7,98),(1609,149,7,97),(1610,150,7,95),(1611,151,7,99),(1612,152,7,72),(1613,153,7,80),(1614,154,7,40),(1615,155,7,76),(1616,156,7,80),(1617,157,7,81),(1618,158,7,30),(1619,159,7,65),(1620,160,7,80),(1621,161,7,67),(1622,162,7,80),(1623,163,7,67),(1624,164,7,81),(1625,165,7,38),(1626,166,7,78),(1627,167,7,28),(1628,168,7,98),(1629,169,7,95),(1630,170,7,81),(1631,171,7,59),(1632,172,7,40),(1633,173,7,80),(1634,174,7,21),(1635,175,7,81),(1636,176,7,98),(1637,177,7,90),(1638,178,7,100),(1639,179,7,98),(1640,180,7,97),(1641,181,7,95),(1642,182,7,99),(1643,183,7,72),(1644,184,7,80),(1645,185,7,40),(1646,186,7,76),(1647,187,7,80),(1648,188,7,81),(1649,189,7,30),(1650,190,7,65),(1651,191,7,80),(1652,192,7,67),(1653,193,7,81),(1654,194,7,38),(1655,195,7,78),(1656,196,7,28),(1657,197,7,98),(1658,198,7,95),(1659,199,7,81),(1660,200,7,59),(1661,201,7,78),(1662,202,7,68),(1663,203,7,79),(1664,204,7,83),(1665,205,7,60),(1666,206,7,80),(1667,207,7,89),(1668,208,7,40),(1669,209,7,80),(1670,210,7,21),(1671,211,7,81),(1672,212,7,98),(1673,213,7,90),(1674,214,7,100),(1675,215,7,98),(1676,216,7,97),(1677,217,7,95),(1678,218,7,99),(1679,219,7,72),(1680,220,7,80),(1681,221,7,40),(1682,222,7,80),(1683,223,7,67),(1684,224,7,81),(1685,225,7,38),(1686,226,7,78),(1687,227,7,28),(1688,228,7,98),(1689,229,7,95),(1690,230,7,81),(1691,231,7,59),(1692,232,7,40),(1693,233,7,80),(1694,234,7,21),(1695,235,7,81),(1696,236,7,98),(1697,237,7,90),(1698,238,7,100),(1699,239,7,98),(1700,240,5,97),(1701,241,5,95),(1702,242,5,99),(1703,243,5,72),(1704,244,5,80),(1705,245,5,40),(1706,246,5,76),(1707,247,5,80),(1708,248,5,81),(1709,249,5,30),(1710,250,5,65),(1711,251,5,80),(1712,252,5,67),(1713,253,5,81),(1714,254,5,38),(1715,255,5,78),(1716,256,5,28),(1717,257,5,98),(1718,258,5,95),(1719,259,5,81),(1720,260,5,59),(1721,261,5,78),(1722,262,5,68),(1723,263,5,79),(1724,264,5,83),(1725,265,5,60),(1726,266,5,80),(1727,267,5,89),(1728,268,5,40),(1729,269,5,80),(1730,270,5,21),(1731,271,5,81),(1732,272,5,98),(1733,273,5,90),(1734,274,5,100),(1735,275,5,98),(1736,276,5,97),(1737,277,5,95),(1738,278,5,99),(1739,279,5,72),(1740,280,5,80),(1741,281,5,80),(1742,282,5,67),(1743,283,5,81),(1744,284,5,38),(1745,285,5,78),(1746,286,5,28),(1747,287,5,98),(1748,288,5,95),(1749,289,5,81),(1750,290,5,59),(1751,291,5,40),(1752,292,5,80),(1753,293,5,21),(1754,294,5,81),(1755,295,5,98),(1756,296,5,90),(1757,297,5,100),(1758,298,5,98),(1759,299,5,97),(1760,300,5,95),(1761,301,5,99),(1762,302,5,72),(1763,303,5,80),(1764,304,5,40),(1765,305,5,76),(1766,306,5,80),(1767,307,5,81),(1768,308,5,30),(1769,309,5,65),(1770,310,5,80),(1771,311,5,67),(1772,312,5,81),(1773,313,5,38),(1774,314,5,78),(1775,315,5,28),(1776,316,5,98),(1777,317,5,95),(1778,318,5,81),(1779,319,5,59),(1780,320,5,78),(1781,321,5,68),(1782,322,5,79),(1783,323,5,83),(1784,324,5,60),(1785,325,5,80),(1786,326,5,89),(1787,327,5,40),(1788,328,5,80),(1789,329,5,21),(1790,330,5,81),(1791,331,5,98),(1792,332,5,90),(1793,333,5,100),(1794,334,5,98),(1795,335,5,97),(1796,336,5,95),(1797,337,5,99),(1798,338,5,72),(1799,339,5,80),(1800,340,5,40),(1801,341,5,76),(1802,342,5,80),(1803,343,5,81),(1804,344,5,80),(1805,345,5,67),(1806,346,5,81),(1807,347,5,38),(1808,348,5,78),(1809,349,5,28),(1810,350,5,98),(1811,351,5,95),(1812,352,5,81),(1813,353,5,59),(1814,354,5,40),(1815,355,5,80),(1816,356,5,21),(1817,357,5,81),(1818,358,5,98),(1819,359,5,90),(1820,360,5,100),(1821,361,5,98),(1822,362,5,97),(1823,363,5,95),(1824,364,5,99),(1825,365,5,72),(1826,290,6,59),(1827,291,6,40),(1828,292,6,80),(1829,293,6,21),(1830,294,6,81),(1831,295,6,98),(1832,296,6,90),(1833,297,6,100),(1834,298,6,98),(1835,299,6,97),(1836,300,6,95),(1837,301,6,99),(1838,302,6,72),(1839,303,6,80),(1840,304,6,40),(1841,305,6,76),(1842,306,6,80),(1843,307,6,81),(1844,308,6,30),(1845,309,6,65),(1846,310,6,80),(1847,311,6,67),(1848,312,6,81),(1849,313,6,38),(1850,314,6,78),(1851,315,6,28),(1852,316,6,98),(1853,317,6,95),(1854,318,6,81),(1855,319,6,59),(1856,320,6,78),(1857,321,6,68),(1858,322,6,79),(1859,323,6,83),(1860,324,6,60),(1861,325,6,80),(1862,326,6,89),(1863,327,6,40),(1864,328,6,80),(1865,329,6,21),(1866,330,6,81),(1867,331,6,98),(1868,332,6,90),(1869,333,6,100),(1870,334,6,98),(1871,335,6,97),(1872,336,6,95),(1873,337,6,99),(1874,338,6,72),(1875,339,6,80),(1876,340,6,40),(1877,341,6,76),(1878,342,6,80),(1879,343,6,81),(1880,344,6,80),(1881,345,6,67),(1882,346,6,81),(1883,347,6,38),(1884,348,6,78),(1885,349,6,28),(1886,350,6,98),(1887,351,6,95),(1888,352,6,81),(1889,353,6,59),(1890,354,6,40),(1891,355,6,80),(1892,356,6,21),(1893,357,6,81),(1894,358,6,98),(1895,359,6,90),(1896,360,6,100),(1897,361,6,98),(1898,362,6,97),(1899,363,6,95),(1900,364,6,99),(1901,365,6,72);
/*!40000 ALTER TABLE `score` ENABLE KEYS */;
UNLOCK TABLES;

--
-- Table structure for table `student`
--

DROP TABLE IF EXISTS `student`;
/*!40101 SET @saved_cs_client     = @@character_set_client */;
/*!40101 SET character_set_client = utf8 */;
CREATE TABLE `student` (
  `sid` int(11) NOT NULL AUTO_INCREMENT,
  `sname` varchar(255) NOT NULL,
  `gender` varchar(255) NOT NULL COMMENT '性别',
  `class_id` int(11) NOT NULL,
  PRIMARY KEY (`sid`),
  KEY `class_id` (`class_id`),
  CONSTRAINT `class_id` FOREIGN KEY (`class_id`) REFERENCES `class` (`cid`) ON DELETE CASCADE ON UPDATE CASCADE
) ENGINE=InnoDB AUTO_INCREMENT=366 DEFAULT CHARSET=utf8;
/*!40101 SET character_set_client = @saved_cs_client */;

--
-- Dumping data for table `student`
--

LOCK TABLES `student` WRITE;
/*!40000 ALTER TABLE `student` DISABLE KEYS */;
INSERT INTO `student` VALUES (1,'乔丹','女',1),(2,'艾弗森','女',1),(3,'科比','女',1),(4,'奥尼尔','男',1),(5,'姚明','男',1),(6,'麦迪','男',1),(7,'斯科拉','男',1),(8,'詹姆斯','男',1),(9,'韦德','女',1),(10,'费舍尔','男',1),(11,'保罗','男',1),(12,'邓肯','男',1),(13,'吉诺比利','女',1),(14,'罗斯','女',1),(15,'霍华德','女',1),(16,'梅西','男',1),(17,'刘翔','男',1),(18,'张三','男',1),(19,'张四','女',1),(20,'周斯','女',2),(21,'黄志才','女',2),(22,'李 力','女',2),(23,'刘由材','男',2),(24,'周利民','男',2),(25,'邓 军','男',2),(26,'左小正','男',2),(27,'刘建东','男',2),(28,'周 莉','女',2),(29,'胡凤辉','男',3),(30,'李 文','男',3),(31,'宋三飞','男',3),(32,'陈锦波','女',3),(33,'雷辉龙','女',3),(34,'陈福明','女',3),(35,'牟紫乔','女',3),(36,'张 祁','女',3),(37,'方新友','女',3),(38,'刘焕平','男',3),(39,'罗友谊','男',4),(40,'何润婵','男',4),(41,'鲁龙飞','男',4),(42,'刘东北','男',4),(43,'李 毅','女',4),(44,'黄 江','男',4),(45,'姚胜阳','男',4),(46,'韩 斌','男',4),(47,'李红雷','女',4),(48,'肖 鹏','女',4),(49,'刘优胜','女',4),(50,'李文辉','男',5),(51,'陈 丹','男',5),(52,'刘由材','女',5),(53,'张卿斌','女',5),(54,'段 凡','女',5),(55,'统计室','男',5),(56,'涂进红','男',5),(57,'谢安华','男',5),(58,'周利民','男',5),(59,'杨益忠','男',6),(60,'曾素芬','女',6),(61,'闫松权','男',6),(62,'张神谋','男',6),(63,'统计室','男',6),(64,'邵文士','女',6),(65,'张国汉','女',6),(66,'廖 鹏','女',6),(67,'林 容','女',6),(68,'韦良成','男',6),(69,'戴香珍','男',6),(70,'郭玲子','男',6),(71,'张 鑫','男',6),(72,'丁海林','男',6),(73,'刘 文','女',6),(74,'彭晋杰','男',6),(75,'刘金玲','男',6),(76,'杨振辉','男',7),(77,'邱爱云','女',7),(78,'黄 强','女',7),(79,'文扩路','女',7),(80,'唐任华','男',7),(81,'李培良','男',7),(82,'段 凡','男',7),(83,'统计室','女',7),(84,'涂进红','女',7),(85,'谢安华','男',9),(86,'周利民','男',9),(87,'杨益忠','男',9),(88,'曾素芬','女',9),(89,'闫松权','女',9),(90,'张神谋','女',9),(91,'统计室','男',10),(92,'邵文士','男',10),(93,'张国汉','男',10),(94,'廖 鹏','女',10),(95,'乔丹','女',10),(96,'艾弗森','女',10),(97,'科比','女',10),(98,'奥尼尔','男',10),(99,'姚明','男',10),(100,'麦迪','男',11),(101,'斯科拉','男',11),(102,'詹姆斯','男',11),(103,'韦德','女',11),(104,'费舍尔','男',11),(105,'保罗','男',11),(106,'邓肯','男',11),(107,'吉诺比利','女',11),(108,'罗斯','女',11),(109,'霍华德','女',11),(110,'梅西','男',11),(111,'刘翔','男',12),(112,'张三','男',12),(113,'张四','女',12),(114,'周斯','女',12),(115,'黄志才','女',13),(116,'李 力','女',13),(117,'刘由材','男',13),(118,'周利民','男',13),(119,'邓 军','男',13),(120,'左小正','男',13),(121,'刘建东','男',13),(122,'周 莉','女',13),(123,'胡凤辉','男',14),(124,'李 文','男',14),(125,'宋三飞','男',14),(126,'陈锦波','女',14),(127,'雷辉龙','女',14),(128,'陈福明','女',14),(129,'牟紫乔','女',14),(130,'张 祁','女',14),(131,'方新友','女',15),(132,'刘焕平','男',15),(133,'罗友谊','男',15),(134,'何润婵','男',15),(135,'鲁龙飞','男',15),(136,'刘东北','男',15),(137,'李 毅','女',15),(138,'黄 江','男',16),(139,'姚胜阳','男',16),(140,'韩 斌','男',16),(141,'李红雷','女',16),(142,'肖 鹏','女',16),(143,'刘优胜','女',16),(144,'李文辉','男',17),(145,'陈 丹','男',17),(146,'刘由材','女',17),(147,'张卿斌','女',17),(148,'段 凡','女',17),(149,'统计室','男',17),(150,'涂进红','男',18),(151,'谢安华','男',18),(152,'周利民','男',18),(153,'何田林','男',18),(154,'羊 丽','男',18),(155,'周小丽','女',18),(156,'汤维勇','男',19),(157,'全日活','男',19),(158,'王鸿志','男',19),(159,'赖楚贤','女',19),(160,'王文峰','女',20),(161,'丁家峰','女',20),(162,'徐普发','男',20),(163,'李宗永','男',20),(164,'李小强','男',20),(165,'刘汉乔','女',20),(166,'祁玉伟','女',20),(167,'严建国','女',20),(168,'姚晓霞','女',21),(169,'吴 辉','男',21),(170,'罗细军','男',21),(171,'李汉耀','男',21),(172,'许家庆','男',21),(173,'顾延军','男',21),(174,'赵 明','女',21),(175,'王小明','男',22),(176,'兰文军','男',22),(177,'周 鹰','男',22),(178,'邓维增','女',22),(179,'石玉婷','女',22),(180,'汤 芬','女',23),(181,'蒋雄任','女',23),(182,'黄杰秋','女',23),(183,'胡扬业','女',23),(184,'张石光','男',23),(185,'涂振湘','男',23),(186,'林记准','男',24),(187,'刘志刚','男',24),(188,'刘桐柏','男',24),(189,'吴浪华','女',24),(190,'雷寿坤','男',24),(191,'曾 玉','男',24),(192,'冯劲涛','男',24),(193,'何国周','女',24),(194,'李 亮','女',25),(195,'赵 红','女',25),(196,'陈 琼','男',25),(197,'周 倩','男',25),(198,'梁延鹂','女',25),(199,'吴志强','女',25),(200,'邓乔良','女',25),(201,'安云萍','男',25),(202,'何林花','男',25),(203,'张玉凤','男',26),(204,'苏成威','男',26),(205,'张绍银','女',26),(206,'李 燕','男',26),(207,'张世径','男',26),(208,'刘雪莉','男',26),(209,'曾玉桂','女',26),(210,'李 丹','女',27),(211,'刘匆娴','女',27),(212,'胡 群','男',27),(213,'何 英','男',27),(214,'吴倩雯','男',27),(215,'倪亚丽','女',27),(216,'黄幸华','女',27),(217,'高 毅','女',27),(218,'范书良','女',27),(219,'林 可','男',27),(220,'陈思萍','男',27),(221,'陈 俊','男',28),(222,'黎元飞','男',28),(223,'钟国兰','男',28),(224,'徐良华','女',28),(225,'周健斌','男',28),(226,'卢 涛','男',28),(227,'李 霞','男',28),(228,'曹 雅','女',28),(229,'吴艳萍','女',28),(230,'周 灵','女',28),(231,'熊 强','女',28),(232,'王耀武','女',28),(233,'杨智','女',29),(234,'齐同兴','男',29),(235,'冼永生','男',29),(236,'罗杨展','男',29),(237,'张 荣','男',29),(238,'吕 虎','男',29),(239,'孔广文','女',29),(240,'刘先承','男',29),(241,'彭 啟','男',29),(242,'袁 亮','男',30),(243,'贾天顺','女',30),(244,'何正良','女',30),(245,'黄 河','女',30),(246,'黄 雁','男',30),(247,'胡 兵','男',30),(248,'陈助森','女',30),(249,'蔡德阳','女',30),(250,'杨 金','女',30),(251,'肖海权','男',30),(252,'梁文博','男',30),(253,'梁国杰','男',30),(254,'黄庭章','男',30),(255,'叶 聪','女',31),(256,'陈文钊','男',31),(257,'江泽鹏','男',31),(258,'曾尚龙','男',31),(259,'黄尚品','女',31),(260,'侯冬冬','女',31),(261,'黄志红','女',31),(262,'伍文瑞','女',31),(263,'何 军','女',31),(264,'罗佳茂','女',31),(265,'罗文君','男',31),(266,'汤建波','男',31),(267,'姚首平','男',31),(268,'胡博闻','男',31),(269,'蒙毓祥','男',32),(270,'朱顺忠','女',32),(271,'郑周梅','男',32),(272,'赵中波','男',32),(273,'刘 祥','男',32),(274,'田 斌','女',32),(275,'吕建辉','女',32),(276,'刘艳军','女',32),(277,'李昆鹏','男',32),(278,'陈超军','男',32),(279,'康吉忠','女',32),(280,'邹铮宇','女',32),(281,'舒润洁','女',33),(282,'史俊杰','男',33),(283,'杜宇航','男',33),(284,'陈重阳','男',33),(285,'张 鹏','女',33),(286,'曾宪智','男',33),(287,'王利刚','男',33),(288,'陈庆云','男',33),(289,'赖登明','女',33),(290,'陈为民','女',33),(291,'张 冬','女',33),(292,'孔 裕','女',33),(293,'郭 宏','女',33),(294,'张文香','女',33),(295,'候 奇','男',33),(296,'李 明','男',34),(297,'夏传智','男',34),(298,'文 勇','男',34),(299,'蔡晓伟','男',34),(300,'易海波','女',34),(301,'陆荣宝','男',34),(302,'樊 静','男',34),(303,'何瑞旺','男',34),(304,'庞昌胜','女',34),(305,'刘 凯','女',34),(306,'张君宇','女',34),(307,'刘火根','男',34),(308,'林 强','男',35),(309,'李 响','女',35),(310,'吴世杰','女',35),(311,'崔同在','女',35),(312,'梁结平','男',35),(313,'彭思华','男',35),(314,'周嘉玲','男',35),(315,'余凤霞','男',35),(316,'郑 蓉','男',35),(317,'唐秀霞','女',35),(318,'冯志丽','女',36),(319,'代金花','女',36),(320,'李 将','男',36),(321,'陈菀春','男',36),(322,'成品仓','女',36),(323,'材料仓','女',36),(324,'蓝建文','女',36),(325,'林 立','男',36),(326,'罗日辉','男',36),(327,'邓建锋','男',36),(328,'张 昭','女',36),(329,'洪为华','男',36),(330,'朱顺超','男',36),(331,'胡建华','男',37),(332,'谢友冬','女',37),(333,'李志勤','女',37),(334,'吴宏荣','女',37),(335,'何 飘','女',37),(336,'刘 迎','女',37),(337,'袁华萍','女',37),(338,'李金春','男',37),(339,'刘顺鑫','男',37),(340,'叶运奎','男',37),(341,'谭秀芳','男',37),(342,'王丽娟','男',37),(343,'赵 丹','女',37),(344,'孙攀峰','男',37),(345,'刘亚丹','男',37),(346,'白娟娟','男',38),(347,'梁秋菊','女',38),(348,'丁大杰','女',38),(349,'李平玉','女',38),(350,'唐 琴','男',38),(351,'沈俊松','男',38),(352,'仇 涛','女',38),(353,'骆振华','女',38),(354,'林伟俊','女',38),(355,'邵明杰','男',38),(356,'曾光廷','男',38),(357,'舒 展','男',38),(358,'邹汉成','男',38),(359,'胡勇毅','女',38),(360,'贺仕西','女',38),(361,'孔德义','女',38),(362,'邱兆云','男',38),(363,'屈小白','男',38),(364,'徐海东','男',38),(365,'张友斌','男',38);
/*!40000 ALTER TABLE `student` ENABLE KEYS */;
UNLOCK TABLES;

--
-- Table structure for table `teacher`
--

DROP TABLE IF EXISTS `teacher`;
/*!40101 SET @saved_cs_client     = @@character_set_client */;
/*!40101 SET character_set_client = utf8 */;
CREATE TABLE `teacher` (
  `tid` int(11) NOT NULL AUTO_INCREMENT COMMENT '老师编号',
  `tname` varchar(255) NOT NULL COMMENT '老师名称',
  PRIMARY KEY (`tid`)
) ENGINE=InnoDB AUTO_INCREMENT=13 DEFAULT CHARSET=utf8;
/*!40101 SET character_set_client = @saved_cs_client */;

--
-- Dumping data for table `teacher`
--

LOCK TABLES `teacher` WRITE;
/*!40000 ALTER TABLE `teacher` DISABLE KEYS */;
INSERT INTO `teacher` VALUES (1,'Alex'),(2,'张三'),(3,'李四'),(4,'王五'),(5,'李一'),(6,'里尔'),(7,'德阳'),(8,'周军'),(9,'胜伟'),(10,'锦城'),(11,'远传'),(12,'小萌');
/*!40000 ALTER TABLE `teacher` ENABLE KEYS */;
UNLOCK TABLES;

--
-- Table structure for table `teacher2cls`
--

DROP TABLE IF EXISTS `teacher2cls`;
/*!40101 SET @saved_cs_client     = @@character_set_client */;
/*!40101 SET character_set_client = utf8 */;
CREATE TABLE `teacher2cls` (
  `tcid` int(11) NOT NULL AUTO_INCREMENT,
  `tid` int(11) NOT NULL COMMENT '老师编号',
  `cid` int(11) NOT NULL COMMENT '班级编号',
  PRIMARY KEY (`tcid`),
  KEY `t2c_teacher_id` (`tid`),
  KEY `t2c_class_id` (`cid`),
  CONSTRAINT `t2c_class_id` FOREIGN KEY (`cid`) REFERENCES `class` (`cid`) ON UPDATE CASCADE,
  CONSTRAINT `t2c_teacher_id` FOREIGN KEY (`tid`) REFERENCES `teacher` (`tid`) ON UPDATE CASCADE
) ENGINE=InnoDB AUTO_INCREMENT=39 DEFAULT CHARSET=utf8;
/*!40101 SET character_set_client = @saved_cs_client */;

--
-- Dumping data for table `teacher2cls`
--

LOCK TABLES `teacher2cls` WRITE;
/*!40000 ALTER TABLE `teacher2cls` DISABLE KEYS */;
INSERT INTO `teacher2cls` VALUES (1,2,1),(2,2,2),(3,3,3),(4,3,4),(5,4,5),(6,4,6),(7,1,7),(8,2,8),(9,3,9),(10,4,10),(11,5,11),(12,6,12),(13,1,13),(14,2,14),(15,3,15),(16,4,16),(17,5,17),(18,6,18),(19,7,19),(20,8,20),(21,9,21),(22,10,22),(23,11,23),(24,12,24),(25,8,25),(26,9,26),(27,10,27),(28,11,28),(29,1,29),(30,2,30),(31,3,31),(32,4,32),(33,5,33),(34,6,34),(35,7,35),(36,8,36),(37,9,37),(38,10,38);
/*!40000 ALTER TABLE `teacher2cls` ENABLE KEYS */;
UNLOCK TABLES;
/*!40103 SET TIME_ZONE=@OLD_TIME_ZONE */;

/*!40101 SET SQL_MODE=@OLD_SQL_MODE */;
/*!40014 SET FOREIGN_KEY_CHECKS=@OLD_FOREIGN_KEY_CHECKS */;
/*!40014 SET UNIQUE_CHECKS=@OLD_UNIQUE_CHECKS */;
/*!40101 SET CHARACTER_SET_CLIENT=@OLD_CHARACTER_SET_CLIENT */;
/*!40101 SET CHARACTER_SET_RESULTS=@OLD_CHARACTER_SET_RESULTS */;
/*!40101 SET COLLATION_CONNECTION=@OLD_COLLATION_CONNECTION */;
/*!40111 SET SQL_NOTES=@OLD_SQL_NOTES */;

-- Dump completed on 2018-09-29 10:21:02
